{
  "build": {
    "release": {
      "developmentClient": false,
      "distribution": "store",
      "android": {
        "buildType": "apk"
      }
    },
    "production": {
      "developmentClient": false,
      "distribution": "store",
      "android": {
        "buildType": "apk"
      }
    },
    "preview": {
      "developmentClient": false,
      "distribution": "internal",
      "android": {
        "buildType": "apk"
      }
    }
  },
  "cli": {
    "appVersionSource": "remote"
  }
}
